<?xml version="1.0" encoding="utf-8" standalone="yes"?><rss version="2.0" xmlns:atom="http://www.w3.org/2005/Atom"><channel><title>index on Rodney Osodo</title><link>https://rodneyosodo.com/tags/index/</link><description>Recent content in index on Rodney Osodo</description><generator>Hugo -- gohugo.io</generator><language>en</language><atom:link href="https://rodneyosodo.com/tags/index/index.xml" rel="self" type="application/rss+xml"/><item><title>Posts</title><link>https://rodneyosodo.com/blogs/</link><pubDate>Fri, 21 Oct 2022 15:10:45 +0000</pubDate><guid>https://rodneyosodo.com/blogs/</guid><description/></item></channel></rss>