<?xml version="1.0" encoding="utf-8" standalone="yes"?><rss version="2.0" xmlns:atom="http://www.w3.org/2005/Atom"><channel><title>Tags on Rodney Osodo</title><link>https://rodneyosodo.com/tags/</link><description>Recent content in Tags on Rodney Osodo</description><generator>Hugo -- gohugo.io</generator><language>en</language><atom:link href="https://rodneyosodo.com/tags/index.xml" rel="self" type="application/rss+xml"/><item><title>index</title><link>https://rodneyosodo.com/tags/index/</link><pubDate>Mon, 01 Jan 0001 00:00:00 +0000</pubDate><guid>https://rodneyosodo.com/tags/index/</guid><description/></item></channel></rss>