<?xml version="1.0" encoding="utf-8" standalone="yes"?><rss version="2.0" xmlns:atom="http://www.w3.org/2005/Atom"><channel><title>Rodney Osodo</title><link>https://rodneyosodo.com/</link><description>Recent content on Rodney Osodo</description><generator>Hugo -- gohugo.io</generator><language>en</language><lastBuildDate>Fri, 21 Oct 2022 15:10:45 +0000</lastBuildDate><atom:link href="https://rodneyosodo.com/index.xml" rel="self" type="application/rss+xml"/><item><title>Talks</title><link>https://rodneyosodo.com/talks/</link><pubDate>Fri, 11 Nov 2022 00:00:00 +0000</pubDate><guid>https://rodneyosodo.com/talks/</guid><description>These are talks given by Rodney Osodo</description></item><item><title>Cloudflare is moving away from Nginx</title><link>https://rodneyosodo.com/blogs/@rodneyosodo/cloudflare-is-moving-away-from-nginx-248831c3b22/</link><pubDate>Fri, 21 Oct 2022 15:10:45 +0000</pubDate><guid>https://rodneyosodo.com/blogs/@rodneyosodo/cloudflare-is-moving-away-from-nginx-248831c3b22/</guid><description>People who are really serious about software should make their own hardware.</description></item><item><title>SHAKESPEARE’s guide on PCB Manufacturing from Kenya</title><link>https://rodneyosodo.com/blogs/@rodneyosodo/shakespeares-guide-on-pcb-manufacturing-from-kenya-61c06eb7c6db/</link><pubDate>Thu, 29 Sep 2022 16:32:48 +0000</pubDate><guid>https://rodneyosodo.com/blogs/@rodneyosodo/shakespeares-guide-on-pcb-manufacturing-from-kenya-61c06eb7c6db/</guid><description>Shakespeare’s guide on Printed Circuit Board (PCB) Manufacturing from Kenya is a comprehensive explanation of manufacturing printed…</description></item><item><title>week 0 at robotics dojo 2022</title><link>https://rodneyosodo.com/blogs/@rodneyosodo/week-0-at-robotics-dojo-2022/</link><pubDate>Sun, 22 May 2022 09:40:37 +0000</pubDate><guid>https://rodneyosodo.com/blogs/@rodneyosodo/week-0-at-robotics-dojo-2022/</guid><description>Week 0 update on the JKUAT robotics dojo competition</description></item><item><title>PCB Business card.</title><link>https://rodneyosodo.com/blogs/@rodneyosodo/pcb-business-card-e55eccec067a/</link><pubDate>Mon, 02 May 2022 20:41:52 +0000</pubDate><guid>https://rodneyosodo.com/blogs/@rodneyosodo/pcb-business-card-e55eccec067a/</guid><description>I was playing around with PCB layers and found myself designing a PCB business card. I have never been this eager to get PCB boards as I…</description></item><item><title>Awards</title><link>https://rodneyosodo.com/awards/</link><pubDate>Sun, 24 Apr 2022 00:00:00 +0000</pubDate><guid>https://rodneyosodo.com/awards/</guid><description>This are awards given to Rodney Osodo</description></item><item><title>Publications</title><link>https://rodneyosodo.com/publications/</link><pubDate>Sun, 24 Apr 2022 00:00:00 +0000</pubDate><guid>https://rodneyosodo.com/publications/</guid><description>Rodney Osodo Scientific Papers</description></item><item><title>Certifications</title><link>https://rodneyosodo.com/certifications/</link><pubDate>Sun, 10 Apr 2022 00:00:00 +0000</pubDate><guid>https://rodneyosodo.com/certifications/</guid><description>Hugo Certifications</description></item><item><title>What Shakespeare Can Teach You About Seeed Studio PCB Manufacturing</title><link>https://rodneyosodo.com/blogs/@rodneyosodo/what-shakespeare-can-teach-you-about-seeed-studio-pcb-manufacturing-ea300b19fd51/</link><pubDate>Mon, 07 Mar 2022 19:26:37 +0000</pubDate><guid>https://rodneyosodo.com/blogs/@rodneyosodo/what-shakespeare-can-teach-you-about-seeed-studio-pcb-manufacturing-ea300b19fd51/</guid><description>Electronics are getting more and more accessible now — you don’t have to be an engineer to start building things.</description></item><item><title>What Shakespeare Can Teach You About Seeed Studio PCB Manufacturing</title><link>https://rodneyosodo.com/blogs/@rodneyosodo/what-shakespeare-can-teach-you-about-seeed-studio-pcb-manufacturing-ea300b19fd51/</link><pubDate>Mon, 07 Mar 2022 19:26:37 +0000</pubDate><guid>https://rodneyosodo.com/blogs/@rodneyosodo/what-shakespeare-can-teach-you-about-seeed-studio-pcb-manufacturing-ea300b19fd51/</guid><description>Electronics are getting more and more accessible now — you don’t have to be an engineer to start building things.</description></item><item><title>H5: Recommendations</title><link>https://rodneyosodo.com/blogs/@rodneyosodo/h5-recommendations-3caff50e8108/</link><pubDate>Tue, 19 Oct 2021 17:24:00 +0000</pubDate><guid>https://rodneyosodo.com/blogs/@rodneyosodo/h5-recommendations-3caff50e8108/</guid><description>I look at art as a container. You can’t get inside it, so you have to ask all of these questions.</description></item><item><title>H4: Second half of the 12-factor app</title><link>https://rodneyosodo.com/blogs/@rodneyosodo/h4-second-half-of-the-12-factor-app-b77b0fde6279/</link><pubDate>Mon, 18 Oct 2021 19:09:11 +0000</pubDate><guid>https://rodneyosodo.com/blogs/@rodneyosodo/h4-second-half-of-the-12-factor-app-b77b0fde6279/</guid><description>There must be a beginning of any great matter, but the continuing unto the end until it be thoroughly finished yields the true glory.</description></item><item><title>H3: First half of the 12-factor app</title><link>https://rodneyosodo.com/blogs/@rodneyosodo/h3-first-half-of-the-12-factor-app-32f2783e29b1/</link><pubDate>Sun, 17 Oct 2021 14:14:07 +0000</pubDate><guid>https://rodneyosodo.com/blogs/@rodneyosodo/h3-first-half-of-the-12-factor-app-32f2783e29b1/</guid><description>“Let’s go invent tomorrow instead of worrying about what happened yesterday.” — Steve Jobs</description></item><item><title>H2: IoT hardware for a 12-factor application</title><link>https://rodneyosodo.com/blogs/@rodneyosodo/h2-iot-hardware-for-a-12-factor-application-48b6d16eff17/</link><pubDate>Fri, 15 Oct 2021 18:53:59 +0000</pubDate><guid>https://rodneyosodo.com/blogs/@rodneyosodo/h2-iot-hardware-for-a-12-factor-application-48b6d16eff17/</guid><description>Make no mistake sensors will drive the next-generation user experiences. We’ve just got started with wearables.</description></item><item><title>H1: Deciphering the 12 Factor Applications style</title><link>https://rodneyosodo.com/blogs/@rodneyosodo/h1-deciphering-the-12-factor-applications-style-bcab26790dcc/</link><pubDate>Thu, 14 Oct 2021 19:17:26 +0000</pubDate><guid>https://rodneyosodo.com/blogs/@rodneyosodo/h1-deciphering-the-12-factor-applications-style-bcab26790dcc/</guid><description>“Innovation is the outcome of a habit, not a random act.” — Sukant Ratnakar</description></item><item><title>JKUAT SES Tech Week 1.1</title><link>https://rodneyosodo.com/blogs/@rodneyosodo/jkuat-ses-tech-week-1-1-17ef25cac33a/</link><pubDate>Tue, 21 Sep 2021 15:52:41 +0000</pubDate><guid>https://rodneyosodo.com/blogs/@rodneyosodo/jkuat-ses-tech-week-1-1-17ef25cac33a/</guid><description>“The beginning is always NOW.” — Roy T. Bennett</description></item><item><title>Qa1. My Quantum Open Source Foundation Project</title><link>https://rodneyosodo.com/blogs/@rodneyosodo/qa1-my-quantum-open-source-foundation-project-402d4f1df1a5/</link><pubDate>Fri, 22 Jan 2021 18:23:16 +0000</pubDate><guid>https://rodneyosodo.com/blogs/@rodneyosodo/qa1-my-quantum-open-source-foundation-project-402d4f1df1a5/</guid><description>Hello world, I’m Rodney Osodo. An undergrad student at Jomo Kenyatta University of Agriculture and Technology in Kenya. I’ve been…</description></item><item><title>Qa2. Explaining Variational Quantum Classifiers</title><link>https://rodneyosodo.com/blogs/@rodneyosodo/qa2-explaining-variational-quantum-classifiers-b584c3bd7849/</link><pubDate>Fri, 22 Jan 2021 18:23:14 +0000</pubDate><guid>https://rodneyosodo.com/blogs/@rodneyosodo/qa2-explaining-variational-quantum-classifiers-b584c3bd7849/</guid><description>Our previous blog is at: “My Quantum Open Source Foundation Project”</description></item><item><title>Q1c. An analysis of the variational quantum classifier using data</title><link>https://rodneyosodo.com/blogs/@rodneyosodo/q1c-an-analysis-of-the-variational-quantum-classifier-using-data-5cd29be55a58/</link><pubDate>Fri, 22 Jan 2021 18:16:28 +0000</pubDate><guid>https://rodneyosodo.com/blogs/@rodneyosodo/q1c-an-analysis-of-the-variational-quantum-classifier-using-data-5cd29be55a58/</guid><description>Our previous blog is at: “Explaining Variational Quantum Classifiers”</description></item><item><title>Simulating molecules(LiH) using VQE</title><link>https://rodneyosodo.com/blogs/@rodneyosodo/simulating-molecules-lih-using-vqe-de40d7456fcc/</link><pubDate>Sun, 23 Aug 2020 12:37:52 +0000</pubDate><guid>https://rodneyosodo.com/blogs/@rodneyosodo/simulating-molecules-lih-using-vqe-de40d7456fcc/</guid><description>The path you have taken isn’t for the faint hearted</description></item><item><title>Minimizing python docker images</title><link>https://rodneyosodo.com/blogs/@rodneyosodo/minimizing-python-docker-images-cf99f4468d39/</link><pubDate>Fri, 13 Mar 2020 19:12:16 +0000</pubDate><guid>https://rodneyosodo.com/blogs/@rodneyosodo/minimizing-python-docker-images-cf99f4468d39/</guid><description>During the transition to a micro service based approach at Qualislabs I saw new faces joining my team. There was definitely a learning…</description></item><item><title>Quantum machine learning</title><link>https://rodneyosodo.com/blogs/@rodneyosodo/quantum-machine-learning-885e6f08d7f6/</link><pubDate>Sat, 07 Mar 2020 18:14:09 +0000</pubDate><guid>https://rodneyosodo.com/blogs/@rodneyosodo/quantum-machine-learning-885e6f08d7f6/</guid><description>Beginners Guide</description></item><item><title>Mongodb REPLICATION</title><link>https://rodneyosodo.com/blogs/@rodneyosodo/mongodb-replication-505c2b71a360/</link><pubDate>Tue, 03 Mar 2020 01:33:27 +0000</pubDate><guid>https://rodneyosodo.com/blogs/@rodneyosodo/mongodb-replication-505c2b71a360/</guid><description>Disclaimer</description></item><item><title>QISKIT CAMP AFRICA</title><link>https://rodneyosodo.com/blogs/@rodneyosodo/qiskit-camp-africa-6239925d3000/</link><pubDate>Sat, 18 Jan 2020 08:29:20 +0000</pubDate><guid>https://rodneyosodo.com/blogs/@rodneyosodo/qiskit-camp-africa-6239925d3000/</guid><description>Disclaimer: I am a terrible writer😜</description></item><item><title/><link>https://rodneyosodo.com/archives/</link><pubDate>Tue, 28 May 2019 00:00:00 +0000</pubDate><guid>https://rodneyosodo.com/archives/</guid><description/></item><item><title>Contact</title><link>https://rodneyosodo.com/contact/</link><pubDate>Fri, 08 Mar 2019 00:00:00 +0000</pubDate><guid>https://rodneyosodo.com/contact/</guid><description>Contact Page</description></item><item><title>Andela News Hackathon on BBC World News — Focus on Africa</title><link>https://rodneyosodo.com/blogs/@rodneyosodo/andela-news-hackathon-on-bbc-world-news-focus-on-africa-5ff339da6f21/</link><pubDate>Wed, 20 Feb 2019 18:37:01 +0000</pubDate><guid>https://rodneyosodo.com/blogs/@rodneyosodo/andela-news-hackathon-on-bbc-world-news-focus-on-africa-5ff339da6f21/</guid><description>BBC conducted a research and highlighted that “fake news” really is a menace to the society. For example, just the concluded general…</description></item><item><title>The Power of Cryptocurrency</title><link>https://rodneyosodo.com/blogs/@rodneyosodo/the-power-of-cryptocurrency-9867afc96393/</link><pubDate>Wed, 20 Feb 2019 18:13:08 +0000</pubDate><guid>https://rodneyosodo.com/blogs/@rodneyosodo/the-power-of-cryptocurrency-9867afc96393/</guid><description>The first decentralized cryptocurrency (bitcoin) was created in 2009 by a developer Satoshi Nakamoto. Then in April 2011 namecoin was…</description></item><item><title/><link>https://rodneyosodo.com/imprint/</link><pubDate>Mon, 01 Jan 0001 00:00:00 +0000</pubDate><guid>https://rodneyosodo.com/imprint/</guid><description>Legal Disclosure Information in accordance with the applicable law
Osodo Rodney
Nairobi Kenya
2022 GoHugo
Kenya</description></item></channel></rss>